word,category,added_date
clumsy,g,2026-05-18
scatterbrained,g,2026-05-18
grumpy,g,2026-05-18
sloppy,g,2026-05-18
cranky,g,2026-05-18
loony,g,2026-05-18
cheeky,g,2026-05-18
stubborn,g,2026-05-18
sneaky,g,2026-05-18
rascally,g,2026-05-18
mopey,g,2026-05-18
shifty,g,2026-05-18
snarky,g,2026-05-18
pouty,g,2026-05-18
grungy,g,2026-05-18
fussy,g,2026-05-18
sassy,g,2026-05-18
zonked,g,2026-05-18
knobby,g,2026-05-18
topsy-turvy,g,2026-05-18
clumsy,g,2026-05-18
scatterbrained,g,2026-05-18
grumpy,g,2026-05-18
sloppy,g,2026-05-18
cranky,g,2026-05-18
loony,g,2026-05-18
cheeky,g,2026-05-18
stubborn,g,2026-05-18
sneaky,g,2026-05-18
rascally,g,2026-05-18
mopey,g,2026-05-18
shifty,g,2026-05-18
snarky,g,2026-05-18
pouty,g,2026-05-18
grungy,g,2026-05-18
fussy,g,2026-05-18
sassy,g,2026-05-18
zonked,g,2026-05-18
knobby,g,2026-05-18
topsy-turvy,g,2026-05-18
shitty,r,2026-05-18
great-value,r,2026-05-18
pick-me,r,2026-05-18
horsefaced,r,2026-05-18
cum-guzzling,r,2026-05-18
christian,r,2026-05-18
vaginal,r,2026-05-18
straight,r,2026-05-18
cum,r,2026-05-18
semen,r,2026-05-18
smegma,r,2026-05-18
discharge,r,2026-05-18
fallopian,r,2026-05-18
anal,r,2026-05-18
aggressive,r,2026-05-18
arrogant,r,2026-05-18
boastful,r,2026-05-18
bossy,r,2026-05-18
boring,r,2026-05-18
careless,r,2026-05-18
clingy,r,2026-05-18
cruel,r,2026-05-18
cowardly,r,2026-05-18
deceitful,r,2026-05-18
dishonest,r,2026-05-18
greedy,r,2026-05-18
harsh,r,2026-05-18
impatient,r,2026-05-18
impulsive,r,2026-05-18
jealous,r,2026-05-18
moody,r,2026-05-18
narrow-minded,r,2026-05-18
overcritical,r,2026-05-18
rude,r,2026-05-18
selfish,r,2026-05-18
untrustworthy,r,2026-05-18
unhappy,r,2026-05-18
cumguzzling,r,2026-05-18
unfuckable,r,2026-05-18
incestuous,r,2026-05-18
sick,r,2026-05-18
perverted,r,2026-05-18
deranged,r,2026-05-18
depraved,r,2026-05-18
mountain-dew-drinking,r,2026-05-18
butterfaced,r,2026-05-18
self-centered,r,2026-05-18
revolting,r,2026-05-18
repellent,r,2026-05-18
repulsive,r,2026-05-18
sickening,r,2026-05-18
nauseating,r,2026-05-18
nauseous,r,2026-05-18
stomach-churning,r,2026-05-18
stomach-turning,r,2026-05-18
off-putting,r,2026-05-18
unpalatable,r,2026-05-18
unappetizing,r,2026-05-18
uninviting,r,2026-05-18
unsavoury,r,2026-05-18
distasteful,r,2026-05-18
foul,r,2026-05-18
nasty,r,2026-05-18
obnoxious,r,2026-05-18
odious,r,2026-05-18
froward,old,2026-05-18
pernickety,old,2026-05-18
laggardly,old,2026-05-18
moonstruck,old,2026-05-18
mumpsimus,old,2026-05-18
spleeny,old,2026-05-18
fribble,old,2026-05-18
dandiprat,old,2026-05-18
rattlecap,old,2026-05-18
slugabed,old,2026-05-18
cacafuego,old,2026-05-18
raggabrash,old,2026-05-18
dithering,old,2026-05-18
muddle-headed,old,2026-05-18
tatterdemalion,old,2026-05-18
claptrap,old,2026-05-18
wifty,old,2026-05-18
bedswerver,old,2026-05-18
lackadaisical,old,2026-05-18
flapdoodle,old,2026-05-18
